Month,Department,Category,Amount
2024-01-01,Sales,Revenue,65795
2024-01-01,Sales,Expense,20860
2024-01-01,Marketing,Revenue,126820
2024-01-01,Marketing,Expense,74886
2024-01-01,R&D,Revenue,56265
2024-01-01,R&D,Expense,36850
2024-01-01,Operations,Revenue,87194
2024-01-01,Operations,Expense,41962
2024-01-01,HR,Revenue,94131
2024-01-01,HR,Expense,36023
2024-02-01,Sales,Revenue,91090
2024-02-01,Sales,Expense,21685
2024-02-01,Marketing,Revenue,114820
2024-02-01,Marketing,Expense,20769
2024-02-01,R&D,Revenue,109735
2024-02-01,R&D,Expense,76101
2024-02-01,Operations,Revenue,117969
2024-02-01,Operations,Expense,25311
2024-02-01,HR,Revenue,133104
2024-02-01,HR,Expense,73707
2024-03-01,Sales,Revenue,135305
2024-03-01,Sales,Expense,48693
2024-03-01,Marketing,Revenue,121932
2024-03-01,Marketing,Expense,47480
2024-03-01,R&D,Revenue,75658
2024-03-01,R&D,Expense,38942
2024-03-01,Operations,Revenue,68431
2024-03-01,Operations,Expense,22747
2024-03-01,HR,Revenue,109150
2024-03-01,HR,Expense,20189
2024-04-01,Sales,Revenue,134654
2024-04-01,Sales,Expense,55773
2024-04-01,Marketing,Revenue,117435
2024-04-01,Marketing,Expense,76886
2024-04-01,R&D,Revenue,116803
2024-04-01,R&D,Expense,51551
2024-04-01,Operations,Revenue,61394
2024-04-01,Operations,Expense,23556
2024-04-01,HR,Revenue,53890
2024-04-01,HR,Expense,61606
2024-05-01,Sales,Revenue,146276
2024-05-01,Sales,Expense,34502
2024-05-01,Marketing,Revenue,137313
2024-05-01,Marketing,Expense,30627
2024-05-01,R&D,Revenue,58792
2024-05-01,R&D,Expense,63323
2024-05-01,Operations,Revenue,123969
2024-05-01,Operations,Expense,63001
2024-05-01,HR,Revenue,126552
2024-05-01,HR,Expense,43897
2024-06-01,Sales,Revenue,118148
2024-06-01,Sales,Expense,76193
2024-06-01,Marketing,Revenue,73483
2024-06-01,Marketing,Expense,78822
2024-06-01,R&D,Revenue,98555
2024-06-01,R&D,Expense,79900
2024-06-01,Operations,Revenue,67159
2024-06-01,Operations,Expense,64974
2024-06-01,HR,Revenue,130077
2024-06-01,HR,Expense,55920
2024-07-01,Sales,Revenue,142067
2024-07-01,Sales,Expense,21585
2024-07-01,Marketing,Revenue,119479
2024-07-01,Marketing,Expense,43939
2024-07-01,R&D,Revenue,69457
2024-07-01,R&D,Expense,21021
2024-07-01,Operations,Revenue,127189
2024-07-01,Operations,Expense,63573
2024-07-01,HR,Revenue,128953
2024-07-01,HR,Expense,72995
2024-08-01,Sales,Revenue,90757
2024-08-01,Sales,Expense,29692
2024-08-01,Marketing,Revenue,95758
2024-08-01,Marketing,Expense,26873
2024-08-01,R&D,Revenue,121211
2024-08-01,R&D,Expense,20161
2024-08-01,Operations,Revenue,87065
2024-08-01,Operations,Expense,46557
2024-08-01,HR,Revenue,149299
2024-08-01,HR,Expense,52606
2024-09-01,Sales,Revenue,61534
2024-09-01,Sales,Expense,49127
2024-09-01,Marketing,Revenue,90397
2024-09-01,Marketing,Expense,45851
2024-09-01,R&D,Revenue,51016
2024-09-01,R&D,Expense,44253
2024-09-01,Operations,Revenue,105591
2024-09-01,Operations,Expense,44276
2024-09-01,HR,Revenue,73247
2024-09-01,HR,Expense,44300
2024-10-01,Sales,Revenue,124065
2024-10-01,Sales,Expense,37262
2024-10-01,Marketing,Revenue,59268
2024-10-01,Marketing,Expense,41271
2024-10-01,R&D,Revenue,62185
2024-10-01,R&D,Expense,41243
2024-10-01,Operations,Revenue,89099
2024-10-01,Operations,Expense,28571
2024-10-01,HR,Revenue,88044
2024-10-01,HR,Expense,71214
2024-11-01,Sales,Revenue,111228
2024-11-01,Sales,Expense,69216
2024-11-01,Marketing,Revenue,98984
2024-11-01,Marketing,Expense,60774
2024-11-01,R&D,Revenue,52568
2024-11-01,R&D,Expense,74615
2024-11-01,Operations,Revenue,112592
2024-11-01,Operations,Expense,22027
2024-11-01,HR,Revenue,52695
2024-11-01,HR,Expense,78839
2024-12-01,Sales,Revenue,98190
2024-12-01,Sales,Expense,25258
2024-12-01,Marketing,Revenue,137538
2024-12-01,Marketing,Expense,59504
2024-12-01,R&D,Revenue,83159
2024-12-01,R&D,Expense,33986
2024-12-01,Operations,Revenue,111858
2024-12-01,Operations,Expense,32666
2024-12-01,HR,Revenue,88660
2024-12-01,HR,Expense,23561
