id,customer_id,channel,feedback_text,created_at
1,C1001,Email,"Love the new app update, much faster and cleaner.",2024-10-05
2,C1002,Web,"Checkout failed twice. Very frustrating experience.",2024-10-06
3,C1003,Chat,"Support was helpful, but response time was slow.",2024-10-07
4,C1004,Email,"Terrible packaging, item arrived damaged.",2024-10-07
5,C1005,Web,"Great value for money. Will buy again!",2024-10-08
6,C1006,Chat,"It's okay. Nothing special, but it works.",2024-10-08
7,C1007,Email,"App keeps crashing after login.",2024-10-09
8,C1008,Web,"Amazing customer service and quick delivery.",2024-10-10
9,C1009,Chat,"Confusing navigation on mobile site.",2024-10-11
10,C1010,Email,"Exactly what I needed, thanks!",2024-10-12
