id,customer_id,channel,feedback_text
1,C1001,Email,"Love the new app update, much faster and cleaner."
2,C1002,Web,"Checkout failed twice. Very frustrating experience."
3,C1003,Chat,"Support was helpful, but response time was slow."
4,C1004,Email,"Terrible packaging, item arrived damaged."
5,C1005,Web,"Great value for money. Will buy again!"
6,C1006,Chat,"It's okay. Nothing special, but it works."
7,C1007,Email,"App keeps crashing after login."
8,C1008,Web,"Amazing customer service and quick delivery."
9,C1009,Chat,"Confusing navigation on mobile site."
10,C1010,Email,"Exactly what I needed, thanks!"
